C,O,L,1,",",C,O,L,2,",",C,O,L,3,",",C,O,L,4,",",C,O,L,5,",",C,O,L,6,",",C,O,L,7,",",C,O,L,_,D,A,T,E,",",I,D
16326,00300,贺雪梅,F,30,阜新路K座,mingjuan.org,21-08-20 15:00:42,2256921
15349,00310,傅玉梅,M,32,杨路M座,qiangxiuying.cn,21-08-20 15:00:42,2256922
16326,00300,贺雪梅,F,30,阜新路K座,mingjuan.org,21-08-20 15:00:42,2256923
15349,00310,傅玉梅,M,32,杨路M座,qiangxiuying.cn,21-08-20 15:00:42,2256924
16326,00300,贺雪梅,F,30,阜新路K座,mingjuan.org,21-08-20 15:00:42,2256925
15349,00310,傅玉梅,M,32,杨路M座,qiangxiuying.cn,21-08-20 15:00:42,2256926
16326,00300,贺雪梅,F,30,阜新路K座,mingjuan.org,21-08-20 15:00:42,2256927
15349,00310,傅玉梅,M,32,杨路M座,qiangxiuying.cn,21-08-20 15:00:42,2256928
16326,00300,贺雪梅,F,30,阜新路K座,mingjuan.org,21-08-20 15:00:42,2256929
15349,00310,傅玉梅,M,32,杨路M座,qiangxiuying.cn,21-08-20 15:00:42,2256930
15115,00216,何明,F,28,耿路y座,naxie.net,21-08-20 15:00:53,2256931
15374,00260,赖波,M,48,上海街o座,juan.cn,21-08-20 15:00:53,2256932
15115,00216,何明,F,28,耿路y座,naxie.net,21-08-20 15:00:53,2256933
15374,00260,赖波,M,48,上海街o座,juan.cn,21-08-20 15:00:53,2256934
15115,00216,何明,F,28,耿路y座,naxie.net,21-08-20 15:00:53,2256935
15374,00260,赖波,M,48,上海街o座,juan.cn,21-08-20 15:00:53,2256936
15115,00216,何明,F,28,耿路y座,naxie.net,21-08-20 15:00:53,2256937
15374,00260,赖波,M,48,上海街o座,juan.cn,21-08-20 15:00:53,2256938
15115,00216,何明,F,28,耿路y座,naxie.net,21-08-20 15:00:53,2256939
15374,00260,赖波,M,48,上海街o座,juan.cn,21-08-20 15:00:53,2256940
16215,00321,李林,M,39,昆明街E座,gangmin.cn,21-08-20 15:01:04,2256941
15855,00313,管秀兰,F,20,陈街y座,do.cn,21-08-20 15:01:04,2256942
16215,00321,李林,M,39,昆明街E座,gangmin.cn,21-08-20 15:01:04,2256943
15855,00313,管秀兰,F,20,陈街y座,do.cn,21-08-20 15:01:04,2256944
16215,00321,李林,M,39,昆明街E座,gangmin.cn,21-08-20 15:01:04,2256945
15855,00313,管秀兰,F,20,陈街y座,do.cn,21-08-20 15:01:04,2256946
16215,00321,李林,M,39,昆明街E座,gangmin.cn,21-08-20 15:01:04,2256947
15855,00313,管秀兰,F,20,陈街y座,do.cn,21-08-20 15:01:04,2256948
16215,00321,李林,M,39,昆明街E座,gangmin.cn,21-08-20 15:01:04,2256949
15855,00313,管秀兰,F,20,陈街y座,do.cn,21-08-20 15:01:04,2256950
15699,00285,邵霞,M,37,呼和浩特路q座,jun.cn,21-08-20 15:01:15,2256951
16683,00332,黄宇,M,40,阮路x座,renyao.cn,21-08-20 15:01:15,2256952
15699,00285,邵霞,M,37,呼和浩特路q座,jun.cn,21-08-20 15:01:15,2256953
16683,00332,黄宇,M,40,阮路x座,renyao.cn,21-08-20 15:01:15,2256954
15699,00285,邵霞,M,37,呼和浩特路q座,jun.cn,21-08-20 15:01:15,2256955
16683,00332,黄宇,M,40,阮路x座,renyao.cn,21-08-20 15:01:15,2256956
15699,00285,邵霞,M,37,呼和浩特路q座,jun.cn,21-08-20 15:01:15,2256957
16683,00332,黄宇,M,40,阮路x座,renyao.cn,21-08-20 15:01:15,2256958
15699,00285,邵霞,M,37,呼和浩特路q座,jun.cn,21-08-20 15:01:15,2256959
16683,00332,黄宇,M,40,阮路x座,renyao.cn,21-08-20 15:01:15,2256960
16750,00303,张岩,F,50,台北路X座,lei.cn,21-08-20 15:01:27,2256961
16393,00208,孙艳,M,39,南宁路C座,yintao.cn,21-08-20 15:01:27,2256962
16750,00303,张岩,F,50,台北路X座,lei.cn,21-08-20 15:01:27,2256963
16393,00208,孙艳,M,39,南宁路C座,yintao.cn,21-08-20 15:01:27,2256964
16750,00303,张岩,F,50,台北路X座,lei.cn,21-08-20 15:01:27,2256965
16393,00208,孙艳,M,39,南宁路C座,yintao.cn,21-08-20 15:01:27,2256966
16750,00303,张岩,F,50,台北路X座,lei.cn,21-08-20 15:01:27,2256967
16393,00208,孙艳,M,39,南宁路C座,yintao.cn,21-08-20 15:01:27,2256968
16750,00303,张岩,F,50,台北路X座,lei.cn,21-08-20 15:01:27,2256969
16393,00208,孙艳,M,39,南宁路C座,yintao.cn,21-08-20 15:01:27,2256970
15359,00308,尹楠,M,23,嘉禾路y座,leigong.cn,21-08-20 15:01:38,2256971
15036,00332,陈晶,M,48,东莞街j座,eo.cn,21-08-20 15:01:38,2256972
15359,00308,尹楠,M,23,嘉禾路y座,leigong.cn,21-08-20 15:01:38,2256973
15036,00332,陈晶,M,48,东莞街j座,eo.cn,21-08-20 15:01:38,2256974
15359,00308,尹楠,M,23,嘉禾路y座,leigong.cn,21-08-20 15:01:38,2256975
15036,00332,陈晶,M,48,东莞街j座,eo.cn,21-08-20 15:01:38,2256976
15359,00308,尹楠,M,23,嘉禾路y座,leigong.cn,21-08-20 15:01:38,2256977
15036,00332,陈晶,M,48,东莞街j座,eo.cn,21-08-20 15:01:38,2256978
15359,00308,尹楠,M,23,嘉禾路y座,leigong.cn,21-08-20 15:01:38,2256979
15036,00332,陈晶,M,48,东莞街j座,eo.cn,21-08-20 15:01:38,2256980
16088,00339,姚明,F,47,淮安街f座,62.cn,21-08-20 15:01:49,2256981
16742,00340,雷红,M,22,惠州街G座,limao.cn,21-08-20 15:01:49,2256982
16088,00339,姚明,F,47,淮安街f座,62.cn,21-08-20 15:01:49,2256983
16742,00340,雷红,M,22,惠州街G座,limao.cn,21-08-20 15:01:49,2256984
16088,00339,姚明,F,47,淮安街f座,62.cn,21-08-20 15:01:49,2256985
16742,00340,雷红,M,22,惠州街G座,limao.cn,21-08-20 15:01:49,2256986
16088,00339,姚明,F,47,淮安街f座,62.cn,21-08-20 15:01:49,2256987
16742,00340,雷红,M,22,惠州街G座,limao.cn,21-08-20 15:01:49,2256988
16088,00339,姚明,F,47,淮安街f座,62.cn,21-08-20 15:01:49,2256989
16742,00340,雷红,M,22,惠州街G座,limao.cn,21-08-20 15:01:49,2256990
16414,00327,徐秀荣,M,48,南京路l座,bn.cn,21-08-20 15:02:00,2256991
15794,00220,王飞,M,21,郑州街U座,laiguo.cn,21-08-20 15:02:00,2256992
16414,00327,徐秀荣,M,48,南京路l座,bn.cn,21-08-20 15:02:00,2256993
15794,00220,王飞,M,21,郑州街U座,laiguo.cn,21-08-20 15:02:00,2256994
16414,00327,徐秀荣,M,48,南京路l座,bn.cn,21-08-20 15:02:00,2256995
15794,00220,王飞,M,21,郑州街U座,laiguo.cn,21-08-20 15:02:00,2256996
16414,00327,徐秀荣,M,48,南京路l座,bn.cn,21-08-20 15:02:00,2256997
15794,00220,王飞,M,21,郑州街U座,laiguo.cn,21-08-20 15:02:00,2256998
16414,00327,徐秀荣,M,48,南京路l座,bn.cn,21-08-20 15:02:00,2256999
15794,00220,王飞,M,21,郑州街U座,laiguo.cn,21-08-20 15:02:00,2257000
16786,00277,吴丽娟,M,44,王街e座,yuan.cn,21-08-20 15:02:11,2257001
15753,00349,傅红霞,F,32,林街C座,jing.cn,21-08-20 15:02:11,2257002
16786,00277,吴丽娟,M,44,王街e座,yuan.cn,21-08-20 15:02:11,2257003
15753,00349,傅红霞,F,32,林街C座,jing.cn,21-08-20 15:02:11,2257004
16786,00277,吴丽娟,M,44,王街e座,yuan.cn,21-08-20 15:02:11,2257005
15753,00349,傅红霞,F,32,林街C座,jing.cn,21-08-20 15:02:11,2257006
16786,00277,吴丽娟,M,44,王街e座,yuan.cn,21-08-20 15:02:11,2257007
15753,00349,傅红霞,F,32,林街C座,jing.cn,21-08-20 15:02:11,2257008
16786,00277,吴丽娟,M,44,王街e座,yuan.cn,21-08-20 15:02:11,2257009
15753,00349,傅红霞,F,32,林街C座,jing.cn,21-08-20 15:02:11,2257010
15731,00247,李玉,M,34,林街U座,xiacui.cn,21-08-20 15:02:23,2257011
16728,00340,刘金凤,F,28,南宁路P座,mintao.cn,21-08-20 15:02:23,2257012
15731,00247,李玉,M,34,林街U座,xiacui.cn,21-08-20 15:02:23,2257013
16728,00340,刘金凤,F,28,南宁路P座,mintao.cn,21-08-20 15:02:23,2257014
15731,00247,李玉,M,34,林街U座,xiacui.cn,21-08-20 15:02:23,2257015
16728,00340,刘金凤,F,28,南宁路P座,mintao.cn,21-08-20 15:02:23,2257016
15731,00247,李玉,M,34,林街U座,xiacui.cn,21-08-20 15:02:23,2257017
16728,00340,刘金凤,F,28,南宁路P座,mintao.cn,21-08-20 15:02:23,2257018
15731,00247,李玉,M,34,林街U座,xiacui.cn,21-08-20 15:02:23,2257019
16728,00340,刘金凤,F,28,南宁路P座,mintao.cn,21-08-20 15:02:23,2257020
15265,00201,傅楠,M,24,宋路A座,gukang.cn,21-08-20 15:02:34,2257021
15014,00208,郭萍,F,16,陈街y座,ft.cn,21-08-20 15:02:34,2257022
15265,00201,傅楠,M,24,宋路A座,gukang.cn,21-08-20 15:02:34,2257023
15014,00208,郭萍,F,16,陈街y座,ft.cn,21-08-20 15:02:34,2257024
15265,00201,傅楠,M,24,宋路A座,gukang.cn,21-08-20 15:02:34,2257025
15014,00208,郭萍,F,16,陈街y座,ft.cn,21-08-20 15:02:34,2257026
15265,00201,傅楠,M,24,宋路A座,gukang.cn,21-08-20 15:02:34,2257027
15014,00208,郭萍,F,16,陈街y座,ft.cn,21-08-20 15:02:34,2257028
15265,00201,傅楠,M,24,宋路A座,gukang.cn,21-08-20 15:02:34,2257029
15014,00208,郭萍,F,16,陈街y座,ft.cn,21-08-20 15:02:34,2257030
16081,00270,李桂芝,M,15,马鞍山路U座,88.cn,21-08-20 15:02:45,2257031
16184,00281,胡秀珍,M,46,永安街H座,35.net,21-08-20 15:02:45,2257032
16081,00270,李桂芝,M,15,马鞍山路U座,88.cn,21-08-20 15:02:45,2257033
16184,00281,胡秀珍,M,46,永安街H座,35.net,21-08-20 15:02:45,2257034
16081,00270,李桂芝,M,15,马鞍山路U座,88.cn,21-08-20 15:02:45,2257035
16184,00281,胡秀珍,M,46,永安街H座,35.net,21-08-20 15:02:45,2257036
16081,00270,李桂芝,M,15,马鞍山路U座,88.cn,21-08-20 15:02:45,2257037
16184,00281,胡秀珍,M,46,永安街H座,35.net,21-08-20 15:02:45,2257038
16081,00270,李桂芝,M,15,马鞍山路U座,88.cn,21-08-20 15:02:45,2257039
16184,00281,胡秀珍,M,46,永安街H座,35.net,21-08-20 15:02:45,2257040
15721,00279,李博,M,34,路街B座,xiuyingping.cn,21-08-20 15:02:56,2257041
16013,00271,邵英,F,37,马街V座,caoshao.cn,21-08-20 15:02:56,2257042
15721,00279,李博,M,34,路街B座,xiuyingping.cn,21-08-20 15:02:56,2257043
16013,00271,邵英,F,37,马街V座,caoshao.cn,21-08-20 15:02:56,2257044
15721,00279,李博,M,34,路街B座,xiuyingping.cn,21-08-20 15:02:56,2257045
16013,00271,邵英,F,37,马街V座,caoshao.cn,21-08-20 15:02:56,2257046
15721,00279,李博,M,34,路街B座,xiuyingping.cn,21-08-20 15:02:56,2257047
16013,00271,邵英,F,37,马街V座,caoshao.cn,21-08-20 15:02:56,2257048
15721,00279,李博,M,34,路街B座,xiuyingping.cn,21-08-20 15:02:56,2257049
16013,00271,邵英,F,37,马街V座,caoshao.cn,21-08-20 15:02:56,2257050
16096,00243,赵想,M,42,合山街w座,liao.net,21-08-20 15:03:07,2257051
15572,00240,徐洋,M,30,淮安路Q座,gangguo.cn,21-08-20 15:03:07,2257052
16096,00243,赵想,M,42,合山街w座,liao.net,21-08-20 15:03:07,2257053
15572,00240,徐洋,M,30,淮安路Q座,gangguo.cn,21-08-20 15:03:07,2257054
16096,00243,赵想,M,42,合山街w座,liao.net,21-08-20 15:03:07,2257055
15572,00240,徐洋,M,30,淮安路Q座,gangguo.cn,21-08-20 15:03:07,2257056
16096,00243,赵想,M,42,合山街w座,liao.net,21-08-20 15:03:07,2257057
15572,00240,徐洋,M,30,淮安路Q座,gangguo.cn,21-08-20 15:03:07,2257058
16096,00243,赵想,M,42,合山街w座,liao.net,21-08-20 15:03:07,2257059
15572,00240,徐洋,M,30,淮安路Q座,gangguo.cn,21-08-20 15:03:07,2257060
15260,00295,张秀英,F,25,陈路w座,es.cn,21-08-20 15:03:19,2257061
16642,00295,彭桂香,M,48,张家港街d座,min.cn,21-08-20 15:03:19,2257062
15260,00295,张秀英,F,25,陈路w座,es.cn,21-08-20 15:03:19,2257063
16642,00295,彭桂香,M,48,张家港街d座,min.cn,21-08-20 15:03:19,2257064
15260,00295,张秀英,F,25,陈路w座,es.cn,21-08-20 15:03:19,2257065
16642,00295,彭桂香,M,48,张家港街d座,min.cn,21-08-20 15:03:19,2257066
15260,00295,张秀英,F,25,陈路w座,es.cn,21-08-20 15:03:19,2257067
16642,00295,彭桂香,M,48,张家港街d座,min.cn,21-08-20 15:03:19,2257068
15260,00295,张秀英,F,25,陈路w座,es.cn,21-08-20 15:03:19,2257069
16642,00295,彭桂香,M,48,张家港街d座,min.cn,21-08-20 15:03:19,2257070
16111,00347,周成,M,21,太原路n座,tao.cn,21-08-20 15:03:30,2257071
15989,00316,曹艳,M,20,颜路u座,lei.cn,21-08-20 15:03:30,2257072
16111,00347,周成,M,21,太原路n座,tao.cn,21-08-20 15:03:30,2257073
15989,00316,曹艳,M,20,颜路u座,lei.cn,21-08-20 15:03:30,2257074
16111,00347,周成,M,21,太原路n座,tao.cn,21-08-20 15:03:30,2257075
15989,00316,曹艳,M,20,颜路u座,lei.cn,21-08-20 15:03:30,2257076
16111,00347,周成,M,21,太原路n座,tao.cn,21-08-20 15:03:30,2257077
15989,00316,曹艳,M,20,颜路u座,lei.cn,21-08-20 15:03:30,2257078
16111,00347,周成,M,21,太原路n座,tao.cn,21-08-20 15:03:30,2257079
15989,00316,曹艳,M,20,颜路u座,lei.cn,21-08-20 15:03:30,2257080
16362,00250,刘健,F,26,石街n座,juanmin.cn,21-08-20 15:03:41,2257081
16901,00237,贾桂兰,M,40,马路Z座,52.cn,21-08-20 15:03:41,2257082
16362,00250,刘健,F,26,石街n座,juanmin.cn,21-08-20 15:03:41,2257083
16901,00237,贾桂兰,M,40,马路Z座,52.cn,21-08-20 15:03:41,2257084
16362,00250,刘健,F,26,石街n座,juanmin.cn,21-08-20 15:03:41,2257085
16901,00237,贾桂兰,M,40,马路Z座,52.cn,21-08-20 15:03:41,2257086
16362,00250,刘健,F,26,石街n座,juanmin.cn,21-08-20 15:03:41,2257087
16901,00237,贾桂兰,M,40,马路Z座,52.cn,21-08-20 15:03:41,2257088
16362,00250,刘健,F,26,石街n座,juanmin.cn,21-08-20 15:03:41,2257089
16901,00237,贾桂兰,M,40,马路Z座,52.cn,21-08-20 15:03:41,2257090
16769,00315,刘飞,M,37,潜江街Z座,03.cn,21-08-20 15:03:52,2257091
16444,00322,李秀云,F,50,徐路U座,lizeng.cn,21-08-20 15:03:52,2257092
16769,00315,刘飞,M,37,潜江街Z座,03.cn,21-08-20 15:03:52,2257093
16444,00322,李秀云,F,50,徐路U座,lizeng.cn,21-08-20 15:03:52,2257094
16769,00315,刘飞,M,37,潜江街Z座,03.cn,21-08-20 15:03:52,2257095
16444,00322,李秀云,F,50,徐路U座,lizeng.cn,21-08-20 15:03:52,2257096
16769,00315,刘飞,M,37,潜江街Z座,03.cn,21-08-20 15:03:52,2257097
16444,00322,李秀云,F,50,徐路U座,lizeng.cn,21-08-20 15:03:52,2257098
16769,00315,刘飞,M,37,潜江街Z座,03.cn,21-08-20 15:03:52,2257099
16444,00322,李秀云,F,50,徐路U座,lizeng.cn,21-08-20 15:03:52,2257100
16645,00210,杜强,F,18,李街P座,29.org,21-08-20 15:04:03,2257101
16520,00235,吴娟,M,28,福州街H座,mingjing.org,21-08-20 15:04:03,2257102
16645,00210,杜强,F,18,李街P座,29.org,21-08-20 15:04:03,2257103
16520,00235,吴娟,M,28,福州街H座,mingjing.org,21-08-20 15:04:03,2257104
16645,00210,杜强,F,18,李街P座,29.org,21-08-20 15:04:03,2257105
16645,00210,杜强,F,18,李街P座,29.org,21-08-20 15:04:03,2257106
16520,00235,吴娟,M,28,福州街H座,mingjing.org,21-08-20 15:04:03,2257107
16520,00235,吴娟,M,28,福州街H座,mingjing.org,21-08-20 15:04:03,2257108
16645,00210,杜强,F,18,李街P座,29.org,21-08-20 15:04:03,2257109
16520,00235,吴娟,M,28,福州街H座,mingjing.org,21-08-20 15:04:03,2257110
15416,00345,伍丽,M,43,阮街x座,99.cn,21-08-20 15:04:15,2257111
15295,00245,方岩,M,18,成都路x座,wei.cn,21-08-20 15:04:15,2257112
15416,00345,伍丽,M,43,阮街x座,99.cn,21-08-20 15:04:15,2257113
15295,00245,方岩,M,18,成都路x座,wei.cn,21-08-20 15:04:15,2257114
15416,00345,伍丽,M,43,阮街x座,99.cn,21-08-20 15:04:15,2257115
15295,00245,方岩,M,18,成都路x座,wei.cn,21-08-20 15:04:15,2257116
15416,00345,伍丽,M,43,阮街x座,99.cn,21-08-20 15:04:15,2257117
15295,00245,方岩,M,18,成都路x座,wei.cn,21-08-20 15:04:15,2257118
15416,00345,伍丽,M,43,阮街x座,99.cn,21-08-20 15:04:15,2257119
15295,00245,方岩,M,18,成都路x座,wei.cn,21-08-20 15:04:15,2257120
16185,00264,廖玉华,F,22,樊路O座,zhou.cn,21-08-20 15:04:26,2257121
16260,00224,段海燕,M,19,柴街F座,uw.net,21-08-20 15:04:26,2257122
16185,00264,廖玉华,F,22,樊路O座,zhou.cn,21-08-20 15:04:26,2257123
16260,00224,段海燕,M,19,柴街F座,uw.net,21-08-20 15:04:26,2257124
16185,00264,廖玉华,F,22,樊路O座,zhou.cn,21-08-20 15:04:26,2257125
16260,00224,段海燕,M,19,柴街F座,uw.net,21-08-20 15:04:26,2257126
16185,00264,廖玉华,F,22,樊路O座,zhou.cn,21-08-20 15:04:26,2257127
16260,00224,段海燕,M,19,柴街F座,uw.net,21-08-20 15:04:26,2257128
16185,00264,廖玉华,F,22,樊路O座,zhou.cn,21-08-20 15:04:26,2257129
16260,00224,段海燕,M,19,柴街F座,uw.net,21-08-20 15:04:26,2257130
16168,00278,曹柳,M,18,万路o座,chaoli.cn,21-08-20 15:04:37,2257131
15998,00260,陈雷,M,24,张路X座,su.cn,21-08-20 15:04:37,2257132
16168,00278,曹柳,M,18,万路o座,chaoli.cn,21-08-20 15:04:37,2257133
15998,00260,陈雷,M,24,张路X座,su.cn,21-08-20 15:04:37,2257134
16168,00278,曹柳,M,18,万路o座,chaoli.cn,21-08-20 15:04:37,2257135
15998,00260,陈雷,M,24,张路X座,su.cn,21-08-20 15:04:37,2257136
16168,00278,曹柳,M,18,万路o座,chaoli.cn,21-08-20 15:04:37,2257137
15998,00260,陈雷,M,24,张路X座,su.cn,21-08-20 15:04:37,2257138
16168,00278,曹柳,M,18,万路o座,chaoli.cn,21-08-20 15:04:37,2257139
15998,00260,陈雷,M,24,张路X座,su.cn,21-08-20 15:04:37,2257140
16879,00240,滕凤兰,F,28,兴城路r座,cheng.cn,21-08-20 15:04:48,2257141
16879,00240,滕凤兰,F,28,兴城路r座,cheng.cn,21-08-20 15:04:48,2257142
16794,00323,宋桂兰,M,17,济南路G座,du.net,21-08-20 15:04:48,2257143
16794,00323,宋桂兰,M,17,济南路G座,du.net,21-08-20 15:04:48,2257144
16879,00240,滕凤兰,F,28,兴城路r座,cheng.cn,21-08-20 15:04:48,2257145
16794,00323,宋桂兰,M,17,济南路G座,du.net,21-08-20 15:04:48,2257146
16879,00240,滕凤兰,F,28,兴城路r座,cheng.cn,21-08-20 15:04:48,2257147
16794,00323,宋桂兰,M,17,济南路G座,du.net,21-08-20 15:04:48,2257148
16879,00240,滕凤兰,F,28,兴城路r座,cheng.cn,21-08-20 15:04:48,2257149
16794,00323,宋桂兰,M,17,济南路G座,du.net,21-08-20 15:04:48,2257150
16432,00299,吕洋,F,33,曲路L座,yanli.cn,21-08-20 15:04:59,2257151
16950,00219,李芳,M,33,曹街j座,31.cn,21-08-20 15:04:59,2257152
16432,00299,吕洋,F,33,曲路L座,yanli.cn,21-08-20 15:04:59,2257153
16950,00219,李芳,M,33,曹街j座,31.cn,21-08-20 15:04:59,2257154
16432,00299,吕洋,F,33,曲路L座,yanli.cn,21-08-20 15:04:59,2257155
16950,00219,李芳,M,33,曹街j座,31.cn,21-08-20 15:04:59,2257156
16432,00299,吕洋,F,33,曲路L座,yanli.cn,21-08-20 15:04:59,2257157
16950,00219,李芳,M,33,曹街j座,31.cn,21-08-20 15:04:59,2257158
16432,00299,吕洋,F,33,曲路L座,yanli.cn,21-08-20 15:04:59,2257159
16950,00219,李芳,M,33,曹街j座,31.cn,21-08-20 15:04:59,2257160
16914,00296,徐伟,M,22,王街t座,33.cn,21-08-20 15:05:11,2257161
16914,00296,徐伟,M,22,王街t座,33.cn,21-08-20 15:05:11,2257162
15496,00328,刘飞,M,18,佛山路F座,lei.cn,21-08-20 15:05:11,2257163
16914,00296,徐伟,M,22,王街t座,33.cn,21-08-20 15:05:11,2257164
15496,00328,刘飞,M,18,佛山路F座,lei.cn,21-08-20 15:05:11,2257165
16914,00296,徐伟,M,22,王街t座,33.cn,21-08-20 15:05:11,2257166
15496,00328,刘飞,M,18,佛山路F座,lei.cn,21-08-20 15:05:11,2257167
15496,00328,刘飞,M,18,佛山路F座,lei.cn,21-08-20 15:05:11,2257168
16914,00296,徐伟,M,22,王街t座,33.cn,21-08-20 15:05:11,2257169
15496,00328,刘飞,M,18,佛山路F座,lei.cn,21-08-20 15:05:11,2257170
16798,00317,李强,F,19,潘路Q座,jingzou.cn,21-08-20 15:05:22,2257171
16798,00317,李强,F,19,潘路Q座,jingzou.cn,21-08-20 15:05:22,2257172
15473,00344,戴秀芳,M,25,淮安街a座,duan.cn,21-08-20 15:05:22,2257173
15473,00344,戴秀芳,M,25,淮安街a座,duan.cn,21-08-20 15:05:22,2257174
16798,00317,李强,F,19,潘路Q座,jingzou.cn,21-08-20 15:05:22,2257175
15473,00344,戴秀芳,M,25,淮安街a座,duan.cn,21-08-20 15:05:22,2257176
16798,00317,李强,F,19,潘路Q座,jingzou.cn,21-08-20 15:05:22,2257177
15473,00344,戴秀芳,M,25,淮安街a座,duan.cn,21-08-20 15:05:22,2257178
16798,00317,李强,F,19,潘路Q座,jingzou.cn,21-08-20 15:05:22,2257179
15473,00344,戴秀芳,M,25,淮安街a座,duan.cn,21-08-20 15:05:22,2257180
16761,00349,张洁,F,26,南宁路P座,panxu.cn,21-08-20 15:05:33,2257181
16939,00210,唐帅,M,24,大冶路b座,jie.cn,21-08-20 15:05:33,2257182
16761,00349,张洁,F,26,南宁路P座,panxu.cn,21-08-20 15:05:33,2257183
16939,00210,唐帅,M,24,大冶路b座,jie.cn,21-08-20 15:05:33,2257184
16761,00349,张洁,F,26,南宁路P座,panxu.cn,21-08-20 15:05:33,2257185
16939,00210,唐帅,M,24,大冶路b座,jie.cn,21-08-20 15:05:33,2257186
16761,00349,张洁,F,26,南宁路P座,panxu.cn,21-08-20 15:05:33,2257187
16939,00210,唐帅,M,24,大冶路b座,jie.cn,21-08-20 15:05:33,2257188
16761,00349,张洁,F,26,南宁路P座,panxu.cn,21-08-20 15:05:33,2257189
16637,00242,范波,F,39,朱街B座,un.net,21-08-20 15:05:44,2257191
16372,00226,叶洁,M,16,张家港路y座,longcao.cn,21-08-20 15:05:44,2257192
16637,00242,范波,F,39,朱街B座,un.net,21-08-20 15:05:44,2257193
16372,00226,叶洁,M,16,张家港路y座,longcao.cn,21-08-20 15:05:44,2257194
16637,00242,范波,F,39,朱街B座,un.net,21-08-20 15:05:44,2257195
16637,00242,范波,F,39,朱街B座,un.net,21-08-20 15:05:44,2257196
16372,00226,叶洁,M,16,张家港路y座,longcao.cn,21-08-20 15:05:44,2257197
16637,00242,范波,F,39,朱街B座,un.net,21-08-20 15:05:44,2257198
16372,00226,叶洁,M,16,张家港路y座,longcao.cn,21-08-20 15:05:44,2257199
16372,00226,叶洁,M,16,张家港路y座,longcao.cn,21-08-20 15:05:44,2257200
15078,00340,杜浩,M,26,邬路x座,qiangxiuying.net,21-08-20 15:05:55,2257201
15078,00340,杜浩,M,26,邬路x座,qiangxiuying.net,21-08-20 15:05:55,2257202
15196,00238,曹桂花,M,21,施街X座,83.cn,21-08-20 15:05:55,2257203
15196,00238,曹桂花,M,21,施街X座,83.cn,21-08-20 15:05:55,2257204
15078,00340,杜浩,M,26,邬路x座,qiangxiuying.net,21-08-20 15:05:55,2257205
15196,00238,曹桂花,M,21,施街X座,83.cn,21-08-20 15:05:55,2257206
15078,00340,杜浩,M,26,邬路x座,qiangxiuying.net,21-08-20 15:05:55,2257207
15196,00238,曹桂花,M,21,施街X座,83.cn,21-08-20 15:05:55,2257208
15078,00340,杜浩,M,26,邬路x座,qiangxiuying.net,21-08-20 15:05:55,2257209
15196,00238,曹桂花,M,21,施街X座,83.cn,21-08-20 15:05:55,2257210
15989,00251,李志强,M,33,朱路n座,uu.cn,21-08-20 15:06:07,2257211
15078,00314,王刚,M,50,原街k座,yanghuang.cn,21-08-20 15:06:07,2257212
15989,00251,李志强,M,33,朱路n座,uu.cn,21-08-20 15:06:07,2257213
15078,00314,王刚,M,50,原街k座,yanghuang.cn,21-08-20 15:06:07,2257214
15989,00251,李志强,M,33,朱路n座,uu.cn,21-08-20 15:06:07,2257215
15078,00314,王刚,M,50,原街k座,yanghuang.cn,21-08-20 15:06:07,2257216
15989,00251,李志强,M,33,朱路n座,uu.cn,21-08-20 15:06:07,2257217
15078,00314,王刚,M,50,原街k座,yanghuang.cn,21-08-20 15:06:07,2257218
15989,00251,李志强,M,33,朱路n座,uu.cn,21-08-20 15:06:07,2257219
15078,00314,王刚,M,50,原街k座,yanghuang.cn,21-08-20 15:06:07,2257220
15190,00253,周强,F,38,佛山街u座,xiuyingli.cn,21-08-20 15:06:18,2257221
16865,00273,刘桂香,M,40,沈阳路S座,xiulangao.cn,21-08-20 15:06:18,2257222
15190,00253,周强,F,38,佛山街u座,xiuyingli.cn,21-08-20 15:06:18,2257223
16865,00273,刘桂香,M,40,沈阳路S座,xiulangao.cn,21-08-20 15:06:18,2257224
15190,00253,周强,F,38,佛山街u座,xiuyingli.cn,21-08-20 15:06:18,2257225
16865,00273,刘桂香,M,40,沈阳路S座,xiulangao.cn,21-08-20 15:06:18,2257226
15190,00253,周强,F,38,佛山街u座,xiuyingli.cn,21-08-20 15:06:18,2257227
16865,00273,刘桂香,M,40,沈阳路S座,xiulangao.cn,21-08-20 15:06:18,2257228
15190,00253,周强,F,38,佛山街u座,xiuyingli.cn,21-08-20 15:06:18,2257229
16865,00273,刘桂香,M,40,沈阳路S座,xiulangao.cn,21-08-20 15:06:18,2257230
15167,00327,李丹,F,17,鲁街F座,fangping.cn,21-08-20 15:06:29,2257231
16900,00283,胡桂香,F,27,郑州街G座,li.cn,21-08-20 15:06:29,2257232
15167,00327,李丹,F,17,鲁街F座,fangping.cn,21-08-20 15:06:29,2257233
16900,00283,胡桂香,F,27,郑州街G座,li.cn,21-08-20 15:06:29,2257234
15167,00327,李丹,F,17,鲁街F座,fangping.cn,21-08-20 15:06:29,2257235
16900,00283,胡桂香,F,27,郑州街G座,li.cn,21-08-20 15:06:29,2257236
15167,00327,李丹,F,17,鲁街F座,fangping.cn,21-08-20 15:06:29,2257237
16900,00283,胡桂香,F,27,郑州街G座,li.cn,21-08-20 15:06:29,2257238
15167,00327,李丹,F,17,鲁街F座,fangping.cn,21-08-20 15:06:29,2257239
16900,00283,胡桂香,F,27,郑州街G座,li.cn,21-08-20 15:06:29,2257240
15902,00227,孙娜,F,47,王路Y座,xiuyingpeng.cn,21-08-20 15:06:40,2257241
15958,00276,谭洁,M,30,莫路R座,yantian.cn,21-08-20 15:06:40,2257242
15902,00227,孙娜,F,47,王路Y座,xiuyingpeng.cn,21-08-20 15:06:40,2257243
15958,00276,谭洁,M,30,莫路R座,yantian.cn,21-08-20 15:06:40,2257244
15902,00227,孙娜,F,47,王路Y座,xiuyingpeng.cn,21-08-20 15:06:40,2257245
15958,00276,谭洁,M,30,莫路R座,yantian.cn,21-08-20 15:06:40,2257246
15902,00227,孙娜,F,47,王路Y座,xiuyingpeng.cn,21-08-20 15:06:40,2257247
15958,00276,谭洁,M,30,莫路R座,yantian.cn,21-08-20 15:06:40,2257248
15902,00227,孙娜,F,47,王路Y座,xiuyingpeng.cn,21-08-20 15:06:40,2257249
15958,00276,谭洁,M,30,莫路R座,yantian.cn,21-08-20 15:06:40,2257250
15109,00329,郑晶,M,37,刘街P座,wb.cn,21-08-20 15:06:51,2257251
